City_ID,City,Country,Date,Lat,Lng,Max Temp,Humidity,Cloudiness,Wind Speed
0,Albany,CA,2022-08-08 21:16:19,66.1451,-65.7125,48.2,71,75,8.05
1,Pangnirtung,CA,2022-08-08 21:16:19,66.1451,-65.7125,48.2,71,75,8.05
2,San Andres,CA,2022-08-08 21:19:56,66.1451,-65.7125,48.2,71,75,8.05
3,Ushuaia,CA,2022-08-08 21:19:56,66.1451,-65.7125,48.2,71,75,8.05
4,Laguna,CA,2022-08-08 21:19:56,66.1451,-65.7125,48.2,71,75,8.05
5,Bambous Virieux,CA,2022-08-08 21:19:56,66.1451,-65.7125,48.2,71,75,8.05
6,Belushya Guba,CA,2022-08-08 21:19:56,66.1451,-65.7125,48.2,71,75,8.05
7,Chuy,CA,2022-08-08 21:19:56,66.1451,-65.7125,48.2,71,75,8.05
8,Nikolskoye,CA,2022-08-08 21:19:56,66.1451,-65.7125,48.2,71,75,8.05
9,Punta Arenas,CA,2022-08-08 21:19:56,66.1451,-65.7125,48.2,71,75,8.05
10,Barrow,CA,2022-08-08 21:19:56,66.1451,-65.7125,48.2,71,75,8.05
11,Gurlan,CA,2022-08-08 21:19:56,66.1451,-65.7125,48.2,71,75,8.05
12,Jamestown,CA,2022-08-08 21:19:56,66.1451,-65.7125,48.2,71,75,8.05
13,Green River,CA,2022-08-08 21:19:56,66.1451,-65.7125,48.2,71,75,8.05
14,Sofiysk,CA,2022-08-08 21:19:56,66.1451,-65.7125,48.2,71,75,8.05
15,Tarrafal,CA,2022-08-08 21:19:56,66.1451,-65.7125,48.2,71,75,8.05
16,Saskylakh,CA,2022-08-08 21:19:56,66.1451,-65.7125,48.2,71,75,8.05
17,Pevek,CA,2022-08-08 21:19:56,66.1451,-65.7125,48.2,71,75,8.05
18,Manoel Urbano,CA,2022-08-08 21:19:56,66.1451,-65.7125,48.2,71,75,8.05
19,Butaritari,CA,2022-08-08 21:19:56,66.1451,-65.7125,48.2,71,75,8.05
20,Airai,CA,2022-08-08 21:19:56,66.1451,-65.7125,48.2,71,75,8.05
21,Tabiauea,CA,2022-08-08 21:19:56,66.1451,-65.7125,48.2,71,75,8.05
22,Busselton,CA,2022-08-08 21:19:56,66.1451,-65.7125,48.2,71,75,8.05
23,Rio Gallegos,CA,2022-08-08 21:19:56,66.1451,-65.7125,48.2,71,75,8.05
24,Ribeira Grande,CA,2022-08-08 21:19:56,66.1451,-65.7125,48.2,71,75,8.05
25,Porto Novo,CA,2022-08-08 21:19:56,66.1451,-65.7125,48.2,71,75,8.05
26,Zalesovo,CA,2022-08-08 21:19:56,66.1451,-65.7125,48.2,71,75,8.05
27,Rikitea,CA,2022-08-08 21:19:56,66.1451,-65.7125,48.2,71,75,8.05
28,Longyearbyen,CA,2022-08-08 21:19:56,66.1451,-65.7125,48.2,71,75,8.05
29,Horasan,CA,2022-08-08 21:19:56,66.1451,-65.7125,48.2,71,75,8.05
30,Attawapiskat,CA,2022-08-08 21:19:56,66.1451,-65.7125,48.2,71,75,8.05
31,Khatanga,CA,2022-08-08 21:19:56,66.1451,-65.7125,48.2,71,75,8.05
32,Ponta Do Sol,CA,2022-08-08 21:19:56,66.1451,-65.7125,48.2,71,75,8.05
33,Mataura,CA,2022-08-08 21:19:56,66.1451,-65.7125,48.2,71,75,8.05
34,Yellowknife,CA,2022-08-08 21:19:56,66.1451,-65.7125,48.2,71,75,8.05
35,Klaksvik,CA,2022-08-08 21:19:56,66.1451,-65.7125,48.2,71,75,8.05
36,Bluff,CA,2022-08-08 21:19:56,66.1451,-65.7125,48.2,71,75,8.05
37,Kralendijk,CA,2022-08-08 21:19:56,66.1451,-65.7125,48.2,71,75,8.05
38,Ostrovnoy,CA,2022-08-08 21:19:56,66.1451,-65.7125,48.2,71,75,8.05
39,Carnarvon,CA,2022-08-08 21:19:56,66.1451,-65.7125,48.2,71,75,8.05
40,Waspan,CA,2022-08-08 21:19:56,66.1451,-65.7125,48.2,71,75,8.05
41,Hay River,CA,2022-08-08 21:19:56,66.1451,-65.7125,48.2,71,75,8.05
42,Hilo,CA,2022-08-08 21:19:56,66.1451,-65.7125,48.2,71,75,8.05
43,Kaitangata,CA,2022-08-08 21:19:56,66.1451,-65.7125,48.2,71,75,8.05
44,Waipawa,CA,2022-08-08 21:19:56,66.1451,-65.7125,48.2,71,75,8.05
45,Roald,CA,2022-08-08 21:19:56,66.1451,-65.7125,48.2,71,75,8.05
46,Te Anau,CA,2022-08-08 21:19:56,66.1451,-65.7125,48.2,71,75,8.05
47,Hithadhoo,CA,2022-08-08 21:19:56,66.1451,-65.7125,48.2,71,75,8.05
48,Dikson,CA,2022-08-08 21:19:56,66.1451,-65.7125,48.2,71,75,8.05
49,Phuket,CA,2022-08-08 21:19:56,66.1451,-65.7125,48.2,71,75,8.05
50,Sao Filipe,CV,2022-08-08 21:21:14,14.8961,-24.4956,78.62,84,100,7.02
51,Kapaa,CV,2022-08-08 21:21:14,14.8961,-24.4956,78.62,84,100,7.02
52,Sambava,CV,2022-08-08 21:21:14,14.8961,-24.4956,78.62,84,100,7.02
53,Bealanana,CV,2022-08-08 21:21:14,14.8961,-24.4956,78.62,84,100,7.02
54,Saint-Philippe,CV,2022-08-08 21:21:14,14.8961,-24.4956,78.62,84,100,7.02
55,Sobolevo,CV,2022-08-08 21:21:14,14.8961,-24.4956,78.62,84,100,7.02
56,Phek,CV,2022-08-08 21:21:14,14.8961,-24.4956,78.62,84,100,7.02
57,Necochea,CV,2022-08-08 21:21:14,14.8961,-24.4956,78.62,84,100,7.02
58,Baker City,CV,2022-08-08 21:21:14,14.8961,-24.4956,78.62,84,100,7.02
59,Illoqqortoormiut,CV,2022-08-08 21:21:14,14.8961,-24.4956,78.62,84,100,7.02
60,Sorvag,CV,2022-08-08 21:21:14,14.8961,-24.4956,78.62,84,100,7.02
61,Sile,CV,2022-08-08 21:21:14,14.8961,-24.4956,78.62,84,100,7.02
62,Tumannyy,CV,2022-08-08 21:21:14,14.8961,-24.4956,78.62,84,100,7.02
63,Gamba,CV,2022-08-08 21:21:14,14.8961,-24.4956,78.62,84,100,7.02
64,Geraldton,CV,2022-08-08 21:21:14,14.8961,-24.4956,78.62,84,100,7.02
65,Kalmunai,CV,2022-08-08 21:21:14,14.8961,-24.4956,78.62,84,100,7.02
66,Ilulissat,CV,2022-08-08 21:21:14,14.8961,-24.4956,78.62,84,100,7.02
67,Salta,CV,2022-08-08 21:21:14,14.8961,-24.4956,78.62,84,100,7.02
68,Ranong,CV,2022-08-08 21:21:14,14.8961,-24.4956,78.62,84,100,7.02
69,Sayyan,CV,2022-08-08 21:21:14,14.8961,-24.4956,78.62,84,100,7.02
70,College,CV,2022-08-08 21:21:14,14.8961,-24.4956,78.62,84,100,7.02
71,Mount Gambier,CV,2022-08-08 21:21:14,14.8961,-24.4956,78.62,84,100,7.02
72,Fortuna,CV,2022-08-08 21:21:14,14.8961,-24.4956,78.62,84,100,7.02
73,Cayenne,CV,2022-08-08 21:21:14,14.8961,-24.4956,78.62,84,100,7.02
74,Nanortalik,CV,2022-08-08 21:21:14,14.8961,-24.4956,78.62,84,100,7.02
75,Vanimo,CV,2022-08-08 21:21:14,14.8961,-24.4956,78.62,84,100,7.02
76,Flagstaff,CV,2022-08-08 21:21:14,14.8961,-24.4956,78.62,84,100,7.02
77,Kegayli,CV,2022-08-08 21:21:14,14.8961,-24.4956,78.62,84,100,7.02
78,Mukhen,CV,2022-08-08 21:21:14,14.8961,-24.4956,78.62,84,100,7.02
79,Vaini,CV,2022-08-08 21:21:14,14.8961,-24.4956,78.62,84,100,7.02
80,Port Elizabeth,CV,2022-08-08 21:21:14,14.8961,-24.4956,78.62,84,100,7.02
81,Saint George,CV,2022-08-08 21:21:14,14.8961,-24.4956,78.62,84,100,7.02
82,Port Hawkesbury,CV,2022-08-08 21:21:14,14.8961,-24.4956,78.62,84,100,7.02
83,Atuona,CV,2022-08-08 21:21:14,14.8961,-24.4956,78.62,84,100,7.02
84,Isahaya,CV,2022-08-08 21:21:14,14.8961,-24.4956,78.62,84,100,7.02
85,Barentsburg,CV,2022-08-08 21:21:14,14.8961,-24.4956,78.62,84,100,7.02
86,Hobart,CV,2022-08-08 21:21:14,14.8961,-24.4956,78.62,84,100,7.02
87,Castro,CV,2022-08-08 21:21:14,14.8961,-24.4956,78.62,84,100,7.02
88,Traverse City,CV,2022-08-08 21:21:14,14.8961,-24.4956,78.62,84,100,7.02
89,Kathu,CV,2022-08-08 21:21:14,14.8961,-24.4956,78.62,84,100,7.02
90,Jumla,CV,2022-08-08 21:21:14,14.8961,-24.4956,78.62,84,100,7.02
91,Urdzhar,CV,2022-08-08 21:21:14,14.8961,-24.4956,78.62,84,100,7.02
92,Zaraza,CV,2022-08-08 21:21:14,14.8961,-24.4956,78.62,84,100,7.02
93,Kruisfontein,CV,2022-08-08 21:21:14,14.8961,-24.4956,78.62,84,100,7.02
94,Tuktoyaktuk,CV,2022-08-08 21:21:14,14.8961,-24.4956,78.62,84,100,7.02
95,Vilhena,CV,2022-08-08 21:21:14,14.8961,-24.4956,78.62,84,100,7.02
96,Beringovskiy,CV,2022-08-08 21:21:14,14.8961,-24.4956,78.62,84,100,7.02
97,Vaitupu,CV,2022-08-08 21:21:14,14.8961,-24.4956,78.62,84,100,7.02
98,Samusu,CV,2022-08-08 21:21:14,14.8961,-24.4956,78.62,84,100,7.02
99,General Roca,CV,2022-08-08 21:21:14,14.8961,-24.4956,78.62,84,100,7.02
100,Mar Del Plata,AR,2022-08-08 21:22:14,-38.0023,-57.5575,51.1,84,0,11.5
101,Banda Aceh,AR,2022-08-08 21:22:14,-38.0023,-57.5575,51.1,84,0,11.5
102,Mnogovershinnyy,AR,2022-08-08 21:22:14,-38.0023,-57.5575,51.1,84,0,11.5
103,New Norfolk,AR,2022-08-08 21:22:14,-38.0023,-57.5575,51.1,84,0,11.5
104,Kaeo,AR,2022-08-08 21:22:14,-38.0023,-57.5575,51.1,84,0,11.5
105,Nome,AR,2022-08-08 21:22:14,-38.0023,-57.5575,51.1,84,0,11.5
106,Kavieng,AR,2022-08-08 21:22:14,-38.0023,-57.5575,51.1,84,0,11.5
107,Tazovskiy,AR,2022-08-08 21:22:14,-38.0023,-57.5575,51.1,84,0,11.5
108,Bud,AR,2022-08-08 21:22:14,-38.0023,-57.5575,51.1,84,0,11.5
109,Codrington,AR,2022-08-08 21:22:14,-38.0023,-57.5575,51.1,84,0,11.5
110,Manacapuru,AR,2022-08-08 21:22:14,-38.0023,-57.5575,51.1,84,0,11.5
111,Kayes,AR,2022-08-08 21:22:14,-38.0023,-57.5575,51.1,84,0,11.5
112,Makakilo City,AR,2022-08-08 21:22:14,-38.0023,-57.5575,51.1,84,0,11.5
113,Kimbe,AR,2022-08-08 21:22:14,-38.0023,-57.5575,51.1,84,0,11.5
114,Thompson,AR,2022-08-08 21:22:14,-38.0023,-57.5575,51.1,84,0,11.5
115,Port Hedland,AR,2022-08-08 21:22:14,-38.0023,-57.5575,51.1,84,0,11.5
116,Santa Leopoldina,AR,2022-08-08 21:22:14,-38.0023,-57.5575,51.1,84,0,11.5
117,Maniwaki,AR,2022-08-08 21:22:14,-38.0023,-57.5575,51.1,84,0,11.5
118,Puerto Ayora,AR,2022-08-08 21:22:14,-38.0023,-57.5575,51.1,84,0,11.5
119,Hamilton,AR,2022-08-08 21:22:14,-38.0023,-57.5575,51.1,84,0,11.5
120,Dobrinka,AR,2022-08-08 21:22:14,-38.0023,-57.5575,51.1,84,0,11.5
121,Shirokiy,AR,2022-08-08 21:22:14,-38.0023,-57.5575,51.1,84,0,11.5
122,Cape Town,AR,2022-08-08 21:22:14,-38.0023,-57.5575,51.1,84,0,11.5
123,North Bend,AR,2022-08-08 21:22:14,-38.0023,-57.5575,51.1,84,0,11.5
124,Doka,AR,2022-08-08 21:22:14,-38.0023,-57.5575,51.1,84,0,11.5
125,Namibe,AR,2022-08-08 21:22:14,-38.0023,-57.5575,51.1,84,0,11.5
126,Lavrentiya,AR,2022-08-08 21:22:14,-38.0023,-57.5575,51.1,84,0,11.5
127,Bathsheba,AR,2022-08-08 21:22:14,-38.0023,-57.5575,51.1,84,0,11.5
128,Smithers,AR,2022-08-08 21:22:14,-38.0023,-57.5575,51.1,84,0,11.5
129,Moose Factory,AR,2022-08-08 21:22:14,-38.0023,-57.5575,51.1,84,0,11.5
130,Gavle,AR,2022-08-08 21:22:14,-38.0023,-57.5575,51.1,84,0,11.5
131,San Patricio,AR,2022-08-08 21:22:14,-38.0023,-57.5575,51.1,84,0,11.5
132,Chihuahua,AR,2022-08-08 21:22:14,-38.0023,-57.5575,51.1,84,0,11.5
133,Vredendal,AR,2022-08-08 21:22:14,-38.0023,-57.5575,51.1,84,0,11.5
134,Ulaanbaatar,AR,2022-08-08 21:22:14,-38.0023,-57.5575,51.1,84,0,11.5
135,Kikwit,AR,2022-08-08 21:22:14,-38.0023,-57.5575,51.1,84,0,11.5
136,San Lawrenz,AR,2022-08-08 21:22:14,-38.0023,-57.5575,51.1,84,0,11.5
137,Faanui,AR,2022-08-08 21:22:14,-38.0023,-57.5575,51.1,84,0,11.5
138,Port Blair,AR,2022-08-08 21:22:14,-38.0023,-57.5575,51.1,84,0,11.5
139,Mendoza,AR,2022-08-08 21:22:14,-38.0023,-57.5575,51.1,84,0,11.5
140,Bethel,AR,2022-08-08 21:22:14,-38.0023,-57.5575,51.1,84,0,11.5
141,Tual,AR,2022-08-08 21:22:14,-38.0023,-57.5575,51.1,84,0,11.5
142,Uberaba,AR,2022-08-08 21:22:14,-38.0023,-57.5575,51.1,84,0,11.5
143,Hami,AR,2022-08-08 21:22:14,-38.0023,-57.5575,51.1,84,0,11.5
144,Albury,AR,2022-08-08 21:22:14,-38.0023,-57.5575,51.1,84,0,11.5
145,Najran,AR,2022-08-08 21:22:14,-38.0023,-57.5575,51.1,84,0,11.5
146,Sicamous,AR,2022-08-08 21:22:14,-38.0023,-57.5575,51.1,84,0,11.5
147,Kemijarvi,AR,2022-08-08 21:22:14,-38.0023,-57.5575,51.1,84,0,11.5
148,Williston,AR,2022-08-08 21:22:14,-38.0023,-57.5575,51.1,84,0,11.5
149,Wanaka,AR,2022-08-08 21:22:14,-38.0023,-57.5575,51.1,84,0,11.5
150,Coihaique,CL,2022-08-08 21:23:56,-45.5752,-72.0662,46.35,46,100,0.0
151,Alofi,CL,2022-08-08 21:23:56,-45.5752,-72.0662,46.35,46,100,0.0
152,Tilichiki,CL,2022-08-08 21:23:56,-45.5752,-72.0662,46.35,46,100,0.0
153,Shache,CL,2022-08-08 21:23:56,-45.5752,-72.0662,46.35,46,100,0.0
154,Qaanaaq,CL,2022-08-08 21:23:56,-45.5752,-72.0662,46.35,46,100,0.0
155,Zhanaozen,CL,2022-08-08 21:23:56,-45.5752,-72.0662,46.35,46,100,0.0
156,Ketchikan,CL,2022-08-08 21:23:56,-45.5752,-72.0662,46.35,46,100,0.0
157,Frankfurt,CL,2022-08-08 21:23:56,-45.5752,-72.0662,46.35,46,100,0.0
158,Vila Franca Do Campo,CL,2022-08-08 21:23:56,-45.5752,-72.0662,46.35,46,100,0.0
159,Henties Bay,CL,2022-08-08 21:23:56,-45.5752,-72.0662,46.35,46,100,0.0
160,Cidreira,CL,2022-08-08 21:23:56,-45.5752,-72.0662,46.35,46,100,0.0
161,Lata,CL,2022-08-08 21:23:56,-45.5752,-72.0662,46.35,46,100,0.0
162,Flinders,CL,2022-08-08 21:23:56,-45.5752,-72.0662,46.35,46,100,0.0
163,Santa Vitoria Do Palmar,CL,2022-08-08 21:23:56,-45.5752,-72.0662,46.35,46,100,0.0
164,Victoria,CL,2022-08-08 21:23:56,-45.5752,-72.0662,46.35,46,100,0.0
165,Itarema,CL,2022-08-08 21:23:56,-45.5752,-72.0662,46.35,46,100,0.0
166,Valentin Gomez Farias,CL,2022-08-08 21:23:56,-45.5752,-72.0662,46.35,46,100,0.0
167,Half Moon Bay,CL,2022-08-08 21:23:56,-45.5752,-72.0662,46.35,46,100,0.0
168,Bangolo,CL,2022-08-08 21:23:56,-45.5752,-72.0662,46.35,46,100,0.0
169,Gasa,CL,2022-08-08 21:23:56,-45.5752,-72.0662,46.35,46,100,0.0
170,Tucuma,CL,2022-08-08 21:23:56,-45.5752,-72.0662,46.35,46,100,0.0
171,Grand Gaube,CL,2022-08-08 21:23:56,-45.5752,-72.0662,46.35,46,100,0.0
172,Torbay,CL,2022-08-08 21:23:56,-45.5752,-72.0662,46.35,46,100,0.0
173,Enderby,CL,2022-08-08 21:23:56,-45.5752,-72.0662,46.35,46,100,0.0
174,Ust-Koksa,CL,2022-08-08 21:23:56,-45.5752,-72.0662,46.35,46,100,0.0
175,Umzimvubu,CL,2022-08-08 21:23:56,-45.5752,-72.0662,46.35,46,100,0.0
176,Clyde River,CL,2022-08-08 21:23:56,-45.5752,-72.0662,46.35,46,100,0.0
177,Karamay,CL,2022-08-08 21:23:56,-45.5752,-72.0662,46.35,46,100,0.0
178,Ngunguru,CL,2022-08-08 21:23:56,-45.5752,-72.0662,46.35,46,100,0.0
179,Chilca,CL,2022-08-08 21:23:56,-45.5752,-72.0662,46.35,46,100,0.0
180,Maracaibo,CL,2022-08-08 21:23:56,-45.5752,-72.0662,46.35,46,100,0.0
181,Erzin,CL,2022-08-08 21:23:56,-45.5752,-72.0662,46.35,46,100,0.0
182,Boende,CL,2022-08-08 21:23:56,-45.5752,-72.0662,46.35,46,100,0.0
183,Prabumulih,CL,2022-08-08 21:23:56,-45.5752,-72.0662,46.35,46,100,0.0
184,Marv Dasht,CL,2022-08-08 21:23:56,-45.5752,-72.0662,46.35,46,100,0.0
185,Bredasdorp,CL,2022-08-08 21:23:56,-45.5752,-72.0662,46.35,46,100,0.0
186,Yuxia,CL,2022-08-08 21:23:56,-45.5752,-72.0662,46.35,46,100,0.0
187,Katsuura,CL,2022-08-08 21:23:56,-45.5752,-72.0662,46.35,46,100,0.0
188,Porto Walter,CL,2022-08-08 21:23:56,-45.5752,-72.0662,46.35,46,100,0.0
189,Aklavik,CL,2022-08-08 21:23:56,-45.5752,-72.0662,46.35,46,100,0.0
190,Samarai,CL,2022-08-08 21:23:56,-45.5752,-72.0662,46.35,46,100,0.0
191,Navahrudak,CL,2022-08-08 21:23:56,-45.5752,-72.0662,46.35,46,100,0.0
192,Antofagasta,CL,2022-08-08 21:23:56,-45.5752,-72.0662,46.35,46,100,0.0
193,Tautira,CL,2022-08-08 21:23:56,-45.5752,-72.0662,46.35,46,100,0.0
194,Lagunas,CL,2022-08-08 21:23:56,-45.5752,-72.0662,46.35,46,100,0.0
195,Northeim,CL,2022-08-08 21:23:56,-45.5752,-72.0662,46.35,46,100,0.0
196,Flin Flon,CL,2022-08-08 21:23:56,-45.5752,-72.0662,46.35,46,100,0.0
197,Sept-Iles,CL,2022-08-08 21:23:56,-45.5752,-72.0662,46.35,46,100,0.0
198,East London,CL,2022-08-08 21:23:56,-45.5752,-72.0662,46.35,46,100,0.0
199,Provideniya,CL,2022-08-08 21:23:56,-45.5752,-72.0662,46.35,46,100,0.0
200,Vila Do Maio,CV,2022-08-08 21:25:19,15.1333,-23.2167,83.19,79,100,5.64
201,Torit,CV,2022-08-08 21:25:19,15.1333,-23.2167,83.19,79,100,5.64
202,Barinas,CV,2022-08-08 21:25:19,15.1333,-23.2167,83.19,79,100,5.64
203,Touros,CV,2022-08-08 21:25:19,15.1333,-23.2167,83.19,79,100,5.64
204,Narsaq,CV,2022-08-08 21:25:19,15.1333,-23.2167,83.19,79,100,5.64
205,Visby,CV,2022-08-08 21:25:19,15.1333,-23.2167,83.19,79,100,5.64
206,Yanan,CV,2022-08-08 21:25:19,15.1333,-23.2167,83.19,79,100,5.64
207,Chokurdakh,CV,2022-08-08 21:25:19,15.1333,-23.2167,83.19,79,100,5.64
208,Tuatapere,CV,2022-08-08 21:25:19,15.1333,-23.2167,83.19,79,100,5.64
209,Mulege,CV,2022-08-08 21:25:19,15.1333,-23.2167,83.19,79,100,5.64
210,Rincon,CV,2022-08-08 21:25:19,15.1333,-23.2167,83.19,79,100,5.64
211,Kokstad,CV,2022-08-08 21:25:19,15.1333,-23.2167,83.19,79,100,5.64
212,Hambantota,CV,2022-08-08 21:25:19,15.1333,-23.2167,83.19,79,100,5.64
213,La Ronge,CV,2022-08-08 21:25:19,15.1333,-23.2167,83.19,79,100,5.64
214,Adre,CV,2022-08-08 21:25:19,15.1333,-23.2167,83.19,79,100,5.64
215,Waingapu,CV,2022-08-08 21:25:19,15.1333,-23.2167,83.19,79,100,5.64
216,Sibolga,CV,2022-08-08 21:25:19,15.1333,-23.2167,83.19,79,100,5.64
217,Vardo,CV,2022-08-08 21:25:19,15.1333,-23.2167,83.19,79,100,5.64
218,Sitka,CV,2022-08-08 21:25:19,15.1333,-23.2167,83.19,79,100,5.64
219,Iqaluit,CV,2022-08-08 21:25:19,15.1333,-23.2167,83.19,79,100,5.64
220,Saint-Augustin,CV,2022-08-08 21:25:19,15.1333,-23.2167,83.19,79,100,5.64
221,Avarua,CV,2022-08-08 21:25:19,15.1333,-23.2167,83.19,79,100,5.64
222,Arti,CV,2022-08-08 21:25:19,15.1333,-23.2167,83.19,79,100,5.64
223,Souillac,CV,2022-08-08 21:25:19,15.1333,-23.2167,83.19,79,100,5.64
224,Hermanus,CV,2022-08-08 21:25:19,15.1333,-23.2167,83.19,79,100,5.64
225,Zuwarah,CV,2022-08-08 21:25:19,15.1333,-23.2167,83.19,79,100,5.64
226,Boguchany,CV,2022-08-08 21:25:19,15.1333,-23.2167,83.19,79,100,5.64
227,Lensk,CV,2022-08-08 21:25:19,15.1333,-23.2167,83.19,79,100,5.64
228,San Cristobal,CV,2022-08-08 21:25:19,15.1333,-23.2167,83.19,79,100,5.64
229,Bereda,CV,2022-08-08 21:25:19,15.1333,-23.2167,83.19,79,100,5.64
230,Mosquera,CV,2022-08-08 21:25:19,15.1333,-23.2167,83.19,79,100,5.64
231,Coro,CV,2022-08-08 21:25:19,15.1333,-23.2167,83.19,79,100,5.64
232,Cherskiy,CV,2022-08-08 21:25:19,15.1333,-23.2167,83.19,79,100,5.64
233,Aloleng,CV,2022-08-08 21:25:19,15.1333,-23.2167,83.19,79,100,5.64
234,Georgetown,CV,2022-08-08 21:25:19,15.1333,-23.2167,83.19,79,100,5.64
235,Tsihombe,CV,2022-08-08 21:25:19,15.1333,-23.2167,83.19,79,100,5.64
236,Tasiilaq,CV,2022-08-08 21:25:19,15.1333,-23.2167,83.19,79,100,5.64
237,Seaford,CV,2022-08-08 21:25:19,15.1333,-23.2167,83.19,79,100,5.64
238,Mys Shmidta,CV,2022-08-08 21:25:19,15.1333,-23.2167,83.19,79,100,5.64
239,Netishyn,CV,2022-08-08 21:25:19,15.1333,-23.2167,83.19,79,100,5.64
240,Lompoc,CV,2022-08-08 21:25:19,15.1333,-23.2167,83.19,79,100,5.64
241,De Panne,CV,2022-08-08 21:25:19,15.1333,-23.2167,83.19,79,100,5.64
242,Ballina,CV,2022-08-08 21:25:19,15.1333,-23.2167,83.19,79,100,5.64
243,Tumpat,CV,2022-08-08 21:25:19,15.1333,-23.2167,83.19,79,100,5.64
244,Linxi,CV,2022-08-08 21:25:19,15.1333,-23.2167,83.19,79,100,5.64
245,Keningau,CV,2022-08-08 21:25:19,15.1333,-23.2167,83.19,79,100,5.64
246,Baykit,CV,2022-08-08 21:25:19,15.1333,-23.2167,83.19,79,100,5.64
247,Walvis Bay,CV,2022-08-08 21:25:19,15.1333,-23.2167,83.19,79,100,5.64
248,Taolanaro,CV,2022-08-08 21:25:19,15.1333,-23.2167,83.19,79,100,5.64
249,Sakata,CV,2022-08-08 21:25:19,15.1333,-23.2167,83.19,79,100,5.64
250,Labuhan,ID,2022-08-08 21:26:42,-6.8844,112.2051,76.33,83,65,9.46
251,Noumea,ID,2022-08-08 21:26:42,-6.8844,112.2051,76.33,83,65,9.46
252,Khorramabad,ID,2022-08-08 21:26:42,-6.8844,112.2051,76.33,83,65,9.46
253,Fort Nelson,ID,2022-08-08 21:26:42,-6.8844,112.2051,76.33,83,65,9.46
254,Kirakira,ID,2022-08-08 21:26:42,-6.8844,112.2051,76.33,83,65,9.46
255,Haukipudas,ID,2022-08-08 21:26:42,-6.8844,112.2051,76.33,83,65,9.46
256,Staryy Nadym,ID,2022-08-08 21:26:42,-6.8844,112.2051,76.33,83,65,9.46
257,Qinhuangdao,ID,2022-08-08 21:26:42,-6.8844,112.2051,76.33,83,65,9.46
258,Snezhnogorsk,ID,2022-08-08 21:26:42,-6.8844,112.2051,76.33,83,65,9.46
259,Mahebourg,ID,2022-08-08 21:26:42,-6.8844,112.2051,76.33,83,65,9.46
260,Silopi,ID,2022-08-08 21:26:42,-6.8844,112.2051,76.33,83,65,9.46
261,Price,ID,2022-08-08 21:26:42,-6.8844,112.2051,76.33,83,65,9.46
262,Leningradskiy,ID,2022-08-08 21:26:42,-6.8844,112.2051,76.33,83,65,9.46
263,Visnes,ID,2022-08-08 21:26:42,-6.8844,112.2051,76.33,83,65,9.46
264,Cabo San Lucas,ID,2022-08-08 21:26:42,-6.8844,112.2051,76.33,83,65,9.46
265,Bolungarvik,ID,2022-08-08 21:26:42,-6.8844,112.2051,76.33,83,65,9.46
266,Verkhnyaya Sinyachikha,ID,2022-08-08 21:26:42,-6.8844,112.2051,76.33,83,65,9.46
267,Yulara,ID,2022-08-08 21:26:42,-6.8844,112.2051,76.33,83,65,9.46
268,Marcona,ID,2022-08-08 21:26:42,-6.8844,112.2051,76.33,83,65,9.46
269,Raudeberg,ID,2022-08-08 21:26:42,-6.8844,112.2051,76.33,83,65,9.46
270,Port Lincoln,ID,2022-08-08 21:26:42,-6.8844,112.2051,76.33,83,65,9.46
271,Paita,ID,2022-08-08 21:26:42,-6.8844,112.2051,76.33,83,65,9.46
272,Owando,ID,2022-08-08 21:26:42,-6.8844,112.2051,76.33,83,65,9.46
273,Nanakuli,ID,2022-08-08 21:26:42,-6.8844,112.2051,76.33,83,65,9.46
274,Rorvik,ID,2022-08-08 21:26:42,-6.8844,112.2051,76.33,83,65,9.46
275,Broome,ID,2022-08-08 21:26:42,-6.8844,112.2051,76.33,83,65,9.46
276,Seymchan,ID,2022-08-08 21:26:42,-6.8844,112.2051,76.33,83,65,9.46
277,Meulaboh,ID,2022-08-08 21:26:42,-6.8844,112.2051,76.33,83,65,9.46
278,Ustyuzhna,ID,2022-08-08 21:26:42,-6.8844,112.2051,76.33,83,65,9.46
279,Magadan,ID,2022-08-08 21:26:42,-6.8844,112.2051,76.33,83,65,9.46
280,Amuntai,ID,2022-08-08 21:26:42,-6.8844,112.2051,76.33,83,65,9.46
281,Harlingen,ID,2022-08-08 21:26:42,-6.8844,112.2051,76.33,83,65,9.46
282,Kango,ID,2022-08-08 21:26:42,-6.8844,112.2051,76.33,83,65,9.46
283,Tecoh,ID,2022-08-08 21:26:42,-6.8844,112.2051,76.33,83,65,9.46
284,Oussouye,ID,2022-08-08 21:26:42,-6.8844,112.2051,76.33,83,65,9.46
285,Partizanskoye,ID,2022-08-08 21:26:42,-6.8844,112.2051,76.33,83,65,9.46
286,Port Alfred,ID,2022-08-08 21:26:42,-6.8844,112.2051,76.33,83,65,9.46
287,Goderich,ID,2022-08-08 21:26:42,-6.8844,112.2051,76.33,83,65,9.46
288,Tongzi,ID,2022-08-08 21:26:42,-6.8844,112.2051,76.33,83,65,9.46
289,Cap Malheureux,ID,2022-08-08 21:26:42,-6.8844,112.2051,76.33,83,65,9.46
290,Hofn,ID,2022-08-08 21:26:42,-6.8844,112.2051,76.33,83,65,9.46
291,Juneau,ID,2022-08-08 21:26:42,-6.8844,112.2051,76.33,83,65,9.46
292,Arraial Do Cabo,ID,2022-08-08 21:26:42,-6.8844,112.2051,76.33,83,65,9.46
293,Elizabeth City,ID,2022-08-08 21:26:42,-6.8844,112.2051,76.33,83,65,9.46
294,Halifax,ID,2022-08-08 21:26:42,-6.8844,112.2051,76.33,83,65,9.46
295,Bandarbeyla,ID,2022-08-08 21:26:42,-6.8844,112.2051,76.33,83,65,9.46
296,Emba,ID,2022-08-08 21:26:42,-6.8844,112.2051,76.33,83,65,9.46
297,Yuzhno-Yeniseyskiy,ID,2022-08-08 21:26:42,-6.8844,112.2051,76.33,83,65,9.46
298,Barra Da Estiva,ID,2022-08-08 21:26:42,-6.8844,112.2051,76.33,83,65,9.46
299,Roebourne,ID,2022-08-08 21:26:42,-6.8844,112.2051,76.33,83,65,9.46
300,Shelburne,CA,2022-08-08 21:28:04,44.0787,-80.2041,79.56,89,99,16.2
301,Nsanje,CA,2022-08-08 21:28:04,44.0787,-80.2041,79.56,89,99,16.2
302,Campos Gerais,CA,2022-08-08 21:28:04,44.0787,-80.2041,79.56,89,99,16.2
303,Sangar,CA,2022-08-08 21:28:04,44.0787,-80.2041,79.56,89,99,16.2
304,Jam Sahib,CA,2022-08-08 21:28:04,44.0787,-80.2041,79.56,89,99,16.2
305,Morgan City,CA,2022-08-08 21:28:04,44.0787,-80.2041,79.56,89,99,16.2
306,Abnub,CA,2022-08-08 21:28:04,44.0787,-80.2041,79.56,89,99,16.2
307,Northam,CA,2022-08-08 21:28:04,44.0787,-80.2041,79.56,89,99,16.2
308,Gurgan,CA,2022-08-08 21:28:04,44.0787,-80.2041,79.56,89,99,16.2
309,Portland,CA,2022-08-08 21:28:04,44.0787,-80.2041,79.56,89,99,16.2
310,Upernavik,CA,2022-08-08 21:28:04,44.0787,-80.2041,79.56,89,99,16.2
311,Esperance,CA,2022-08-08 21:28:04,44.0787,-80.2041,79.56,89,99,16.2
312,Tiksi,CA,2022-08-08 21:28:04,44.0787,-80.2041,79.56,89,99,16.2
313,Nizhneyansk,CA,2022-08-08 21:28:04,44.0787,-80.2041,79.56,89,99,16.2
314,Camacha,CA,2022-08-08 21:28:04,44.0787,-80.2041,79.56,89,99,16.2
315,Sentyabrskiy,CA,2022-08-08 21:28:04,44.0787,-80.2041,79.56,89,99,16.2
316,Miri,CA,2022-08-08 21:28:04,44.0787,-80.2041,79.56,89,99,16.2
317,Zelenets,CA,2022-08-08 21:28:04,44.0787,-80.2041,79.56,89,99,16.2
318,Turukhansk,CA,2022-08-08 21:28:04,44.0787,-80.2041,79.56,89,99,16.2
319,Norman Wells,CA,2022-08-08 21:28:04,44.0787,-80.2041,79.56,89,99,16.2
320,Humberto De Campos,CA,2022-08-08 21:28:04,44.0787,-80.2041,79.56,89,99,16.2
321,Hasaki,CA,2022-08-08 21:28:04,44.0787,-80.2041,79.56,89,99,16.2
322,Puerto Baquerizo Moreno,CA,2022-08-08 21:28:04,44.0787,-80.2041,79.56,89,99,16.2
323,Petropavlovsk-Kamchatskiy,CA,2022-08-08 21:28:04,44.0787,-80.2041,79.56,89,99,16.2
324,Paamiut,CA,2022-08-08 21:28:04,44.0787,-80.2041,79.56,89,99,16.2
325,Mitsamiouli,CA,2022-08-08 21:28:04,44.0787,-80.2041,79.56,89,99,16.2
326,Novikovo,CA,2022-08-08 21:28:04,44.0787,-80.2041,79.56,89,99,16.2
327,Nouadhibou,CA,2022-08-08 21:28:04,44.0787,-80.2041,79.56,89,99,16.2
328,Guilin,CA,2022-08-08 21:28:04,44.0787,-80.2041,79.56,89,99,16.2
329,Tanete,CA,2022-08-08 21:28:04,44.0787,-80.2041,79.56,89,99,16.2
330,Anzio,CA,2022-08-08 21:28:04,44.0787,-80.2041,79.56,89,99,16.2
331,Vedaranniyam,CA,2022-08-08 21:28:04,44.0787,-80.2041,79.56,89,99,16.2
332,Barroualie,CA,2022-08-08 21:28:04,44.0787,-80.2041,79.56,89,99,16.2
333,Nenjiang,CA,2022-08-08 21:28:04,44.0787,-80.2041,79.56,89,99,16.2
334,Kirchhundem,CA,2022-08-08 21:28:04,44.0787,-80.2041,79.56,89,99,16.2
335,Jieshi,CA,2022-08-08 21:28:04,44.0787,-80.2041,79.56,89,99,16.2
336,Mazarron,CA,2022-08-08 21:28:04,44.0787,-80.2041,79.56,89,99,16.2
337,Mecca,CA,2022-08-08 21:28:04,44.0787,-80.2041,79.56,89,99,16.2
338,Amderma,CA,2022-08-08 21:28:04,44.0787,-80.2041,79.56,89,99,16.2
339,Kyrylivka,CA,2022-08-08 21:28:04,44.0787,-80.2041,79.56,89,99,16.2
340,Takoradi,CA,2022-08-08 21:28:04,44.0787,-80.2041,79.56,89,99,16.2
341,Oskemen,CA,2022-08-08 21:28:04,44.0787,-80.2041,79.56,89,99,16.2
342,Sao Felix Do Xingu,CA,2022-08-08 21:28:04,44.0787,-80.2041,79.56,89,99,16.2
343,Grootfontein,CA,2022-08-08 21:28:04,44.0787,-80.2041,79.56,89,99,16.2
344,Rio Cuarto,CA,2022-08-08 21:28:04,44.0787,-80.2041,79.56,89,99,16.2
345,Tessalit,CA,2022-08-08 21:28:04,44.0787,-80.2041,79.56,89,99,16.2
346,Husavik,CA,2022-08-08 21:28:04,44.0787,-80.2041,79.56,89,99,16.2
347,Apache Junction,CA,2022-08-08 21:28:04,44.0787,-80.2041,79.56,89,99,16.2
348,Kamenka,CA,2022-08-08 21:28:04,44.0787,-80.2041,79.56,89,99,16.2
349,Lorengau,CA,2022-08-08 21:28:04,44.0787,-80.2041,79.56,89,99,16.2
350,Nelson Bay,AU,2022-08-08 21:29:27,-32.7167,152.15,52.0,94,93,10.0
351,Dunedin,AU,2022-08-08 21:29:27,-32.7167,152.15,52.0,94,93,10.0
352,Kitui,AU,2022-08-08 21:29:27,-32.7167,152.15,52.0,94,93,10.0
353,Mandawar,AU,2022-08-08 21:29:27,-32.7167,152.15,52.0,94,93,10.0
354,Kisangani,AU,2022-08-08 21:29:27,-32.7167,152.15,52.0,94,93,10.0
355,Grand River South East,AU,2022-08-08 21:29:27,-32.7167,152.15,52.0,94,93,10.0
356,Road Town,AU,2022-08-08 21:29:27,-32.7167,152.15,52.0,94,93,10.0
357,Sharya,AU,2022-08-08 21:29:27,-32.7167,152.15,52.0,94,93,10.0
358,Torata,AU,2022-08-08 21:29:27,-32.7167,152.15,52.0,94,93,10.0
359,Surt,AU,2022-08-08 21:29:27,-32.7167,152.15,52.0,94,93,10.0
360,Estelle,AU,2022-08-08 21:29:27,-32.7167,152.15,52.0,94,93,10.0
361,Yeppoon,AU,2022-08-08 21:29:27,-32.7167,152.15,52.0,94,93,10.0
362,Rafai,AU,2022-08-08 21:29:27,-32.7167,152.15,52.0,94,93,10.0
363,Silver City,AU,2022-08-08 21:29:27,-32.7167,152.15,52.0,94,93,10.0
364,Barbar,AU,2022-08-08 21:29:27,-32.7167,152.15,52.0,94,93,10.0
365,Pemangkat,AU,2022-08-08 21:29:27,-32.7167,152.15,52.0,94,93,10.0
366,Port Hardy,AU,2022-08-08 21:29:27,-32.7167,152.15,52.0,94,93,10.0
367,Buraydah,AU,2022-08-08 21:29:27,-32.7167,152.15,52.0,94,93,10.0
368,Lolua,AU,2022-08-08 21:29:27,-32.7167,152.15,52.0,94,93,10.0
369,Pacific Grove,AU,2022-08-08 21:29:27,-32.7167,152.15,52.0,94,93,10.0
370,Sur,AU,2022-08-08 21:29:27,-32.7167,152.15,52.0,94,93,10.0
371,Mayo,AU,2022-08-08 21:29:27,-32.7167,152.15,52.0,94,93,10.0
372,Pundri,AU,2022-08-08 21:29:27,-32.7167,152.15,52.0,94,93,10.0
373,Nueva Loja,AU,2022-08-08 21:29:27,-32.7167,152.15,52.0,94,93,10.0
374,Haapiti,AU,2022-08-08 21:29:27,-32.7167,152.15,52.0,94,93,10.0
375,Kalawit,AU,2022-08-08 21:29:27,-32.7167,152.15,52.0,94,93,10.0
376,Aswan,AU,2022-08-08 21:29:27,-32.7167,152.15,52.0,94,93,10.0
377,Mazagao,AU,2022-08-08 21:29:27,-32.7167,152.15,52.0,94,93,10.0
378,Eagle Pass,AU,2022-08-08 21:29:27,-32.7167,152.15,52.0,94,93,10.0
379,Hellin,AU,2022-08-08 21:29:27,-32.7167,152.15,52.0,94,93,10.0
380,Copiapo,AU,2022-08-08 21:29:27,-32.7167,152.15,52.0,94,93,10.0
381,Kloulklubed,AU,2022-08-08 21:29:27,-32.7167,152.15,52.0,94,93,10.0
382,Ancud,AU,2022-08-08 21:29:27,-32.7167,152.15,52.0,94,93,10.0
383,Lebu,AU,2022-08-08 21:29:27,-32.7167,152.15,52.0,94,93,10.0
384,Mackenzie,AU,2022-08-08 21:29:27,-32.7167,152.15,52.0,94,93,10.0
385,Ndola,AU,2022-08-08 21:29:27,-32.7167,152.15,52.0,94,93,10.0
386,Grindavik,AU,2022-08-08 21:29:27,-32.7167,152.15,52.0,94,93,10.0
387,Nemuro,AU,2022-08-08 21:29:27,-32.7167,152.15,52.0,94,93,10.0
388,Rungata,AU,2022-08-08 21:29:27,-32.7167,152.15,52.0,94,93,10.0
389,Latung,AU,2022-08-08 21:29:27,-32.7167,152.15,52.0,94,93,10.0
390,Komatipoort,AU,2022-08-08 21:29:27,-32.7167,152.15,52.0,94,93,10.0
391,Luckenwalde,AU,2022-08-08 21:29:27,-32.7167,152.15,52.0,94,93,10.0
392,Saldanha,AU,2022-08-08 21:29:27,-32.7167,152.15,52.0,94,93,10.0
393,Ucluelet,AU,2022-08-08 21:29:27,-32.7167,152.15,52.0,94,93,10.0
394,Coquimbo,AU,2022-08-08 21:29:27,-32.7167,152.15,52.0,94,93,10.0
395,Feldkirchen,AU,2022-08-08 21:29:27,-32.7167,152.15,52.0,94,93,10.0
396,Tianpeng,AU,2022-08-08 21:29:27,-32.7167,152.15,52.0,94,93,10.0
397,Payo,AU,2022-08-08 21:29:27,-32.7167,152.15,52.0,94,93,10.0
398,Amapa,AU,2022-08-08 21:29:27,-32.7167,152.15,52.0,94,93,10.0
399,The Pas,AU,2022-08-08 21:29:27,-32.7167,152.15,52.0,94,93,10.0
400,Comodoro Rivadavia,AR,2022-08-08 21:30:53,-45.8667,-67.5,46.26,57,0,6.91
401,Mullaitivu,AR,2022-08-08 21:30:53,-45.8667,-67.5,46.26,57,0,6.91
402,Kahului,AR,2022-08-08 21:30:55,-45.8667,-67.5,46.26,57,0,6.91
403,Abeche,AR,2022-08-08 21:30:55,-45.8667,-67.5,46.26,57,0,6.91
404,Daru,AR,2022-08-08 21:30:07,-45.8667,-67.5,46.26,57,0,6.91
405,Richards Bay,AR,2022-08-08 21:30:07,-45.8667,-67.5,46.26,57,0,6.91
406,Iskateley,AR,2022-08-08 21:30:07,-45.8667,-67.5,46.26,57,0,6.91
407,Shingu,AR,2022-08-08 21:30:07,-45.8667,-67.5,46.26,57,0,6.91
408,Otane,AR,2022-08-08 21:30:07,-45.8667,-67.5,46.26,57,0,6.91
409,Brandon,AR,2022-08-08 21:30:07,-45.8667,-67.5,46.26,57,0,6.91
410,Westport,AR,2022-08-08 21:30:07,-45.8667,-67.5,46.26,57,0,6.91
411,Martapura,AR,2022-08-08 21:30:07,-45.8667,-67.5,46.26,57,0,6.91
412,Soe,AR,2022-08-08 21:30:07,-45.8667,-67.5,46.26,57,0,6.91
413,Dubti,AR,2022-08-08 21:30:07,-45.8667,-67.5,46.26,57,0,6.91
414,Deputatskiy,AR,2022-08-08 21:30:07,-45.8667,-67.5,46.26,57,0,6.91
415,Yabelo,AR,2022-08-08 21:30:07,-45.8667,-67.5,46.26,57,0,6.91
416,Bocas Del Toro,AR,2022-08-08 21:30:07,-45.8667,-67.5,46.26,57,0,6.91
417,Banjar,AR,2022-08-08 21:30:07,-45.8667,-67.5,46.26,57,0,6.91
418,Udachnyy,AR,2022-08-08 21:30:07,-45.8667,-67.5,46.26,57,0,6.91
419,Altay,AR,2022-08-08 21:30:07,-45.8667,-67.5,46.26,57,0,6.91
420,Korla,AR,2022-08-08 21:30:07,-45.8667,-67.5,46.26,57,0,6.91
421,Buala,AR,2022-08-08 21:30:07,-45.8667,-67.5,46.26,57,0,6.91
422,Horta,AR,2022-08-08 21:30:07,-45.8667,-67.5,46.26,57,0,6.91
423,Troitsko-Pechorsk,AR,2022-08-08 21:30:07,-45.8667,-67.5,46.26,57,0,6.91
424,Eenhana,AR,2022-08-08 21:30:07,-45.8667,-67.5,46.26,57,0,6.91
425,Severo-Kurilsk,AR,2022-08-08 21:30:07,-45.8667,-67.5,46.26,57,0,6.91
426,Longlac,AR,2022-08-08 21:30:07,-45.8667,-67.5,46.26,57,0,6.91
427,Dafeng,AR,2022-08-08 21:30:07,-45.8667,-67.5,46.26,57,0,6.91
428,Cuamba,AR,2022-08-08 21:30:07,-45.8667,-67.5,46.26,57,0,6.91
429,Birjand,AR,2022-08-08 21:30:07,-45.8667,-67.5,46.26,57,0,6.91
430,Oriximina,AR,2022-08-08 21:30:07,-45.8667,-67.5,46.26,57,0,6.91
431,Rawson,AR,2022-08-08 21:30:07,-45.8667,-67.5,46.26,57,0,6.91
432,Isangel,AR,2022-08-08 21:30:07,-45.8667,-67.5,46.26,57,0,6.91
433,Avera,AR,2022-08-08 21:30:07,-45.8667,-67.5,46.26,57,0,6.91
434,Koshurnikovo,AR,2022-08-08 21:30:07,-45.8667,-67.5,46.26,57,0,6.91
435,Chancay,AR,2022-08-08 21:30:07,-45.8667,-67.5,46.26,57,0,6.91
436,Nizhniy Bestyakh,AR,2022-08-08 21:30:07,-45.8667,-67.5,46.26,57,0,6.91
437,Belgrade,AR,2022-08-08 21:30:07,-45.8667,-67.5,46.26,57,0,6.91
438,San Angelo,AR,2022-08-08 21:30:07,-45.8667,-67.5,46.26,57,0,6.91
439,Minsk,AR,2022-08-08 21:30:07,-45.8667,-67.5,46.26,57,0,6.91
440,Nicoya,AR,2022-08-08 21:30:07,-45.8667,-67.5,46.26,57,0,6.91
441,Bayir,AR,2022-08-08 21:30:07,-45.8667,-67.5,46.26,57,0,6.91
442,Jaque,AR,2022-08-08 21:30:07,-45.8667,-67.5,46.26,57,0,6.91
443,Hatillo,AR,2022-08-08 21:30:07,-45.8667,-67.5,46.26,57,0,6.91
444,Alexandria,AR,2022-08-08 21:30:07,-45.8667,-67.5,46.26,57,0,6.91
445,Malanje,AR,2022-08-08 21:30:07,-45.8667,-67.5,46.26,57,0,6.91
446,Borgarnes,AR,2022-08-08 21:30:07,-45.8667,-67.5,46.26,57,0,6.91
447,Olafsvik,AR,2022-08-08 21:30:07,-45.8667,-67.5,46.26,57,0,6.91
448,Pacifica,AR,2022-08-08 21:30:07,-45.8667,-67.5,46.26,57,0,6.91
449,Quatre Cocos,AR,2022-08-08 21:30:07,-45.8667,-67.5,46.26,57,0,6.91
450,Alyangula,AU,2022-08-08 21:32:20,-13.8483,136.4192,73.87,63,8,16.2
451,Palu,AU,2022-08-08 21:32:20,-13.8483,136.4192,73.87,63,8,16.2
452,Bayshore Gardens,AU,2022-08-08 21:32:20,-13.8483,136.4192,73.87,63,8,16.2
453,San Javier,AU,2022-08-08 21:32:20,-13.8483,136.4192,73.87,63,8,16.2
454,Vila Velha,AU,2022-08-08 21:32:20,-13.8483,136.4192,73.87,63,8,16.2
455,Bokspits,AU,2022-08-08 21:32:20,-13.8483,136.4192,73.87,63,8,16.2
456,Along,AU,2022-08-08 21:32:20,-13.8483,136.4192,73.87,63,8,16.2
457,Mabini,AU,2022-08-08 21:32:20,-13.8483,136.4192,73.87,63,8,16.2
458,Southbridge,AU,2022-08-08 21:32:20,-13.8483,136.4192,73.87,63,8,16.2
459,Bolu,AU,2022-08-08 21:32:20,-13.8483,136.4192,73.87,63,8,16.2
460,Morgantown,AU,2022-08-08 21:32:20,-13.8483,136.4192,73.87,63,8,16.2
461,Grand Centre,AU,2022-08-08 21:32:20,-13.8483,136.4192,73.87,63,8,16.2
462,Kuytun,AU,2022-08-08 21:32:20,-13.8483,136.4192,73.87,63,8,16.2
463,Kidal,AU,2022-08-08 21:32:20,-13.8483,136.4192,73.87,63,8,16.2
464,Tias,AU,2022-08-08 21:32:20,-13.8483,136.4192,73.87,63,8,16.2
465,Fougamou,AU,2022-08-08 21:32:20,-13.8483,136.4192,73.87,63,8,16.2
466,Kodiak,AU,2022-08-08 21:32:20,-13.8483,136.4192,73.87,63,8,16.2
467,Bantry,AU,2022-08-08 21:32:20,-13.8483,136.4192,73.87,63,8,16.2
468,Otjimbingwe,AU,2022-08-08 21:32:20,-13.8483,136.4192,73.87,63,8,16.2
469,Gornopravdinsk,AU,2022-08-08 21:32:20,-13.8483,136.4192,73.87,63,8,16.2
470,Hervey Bay,AU,2022-08-08 21:32:20,-13.8483,136.4192,73.87,63,8,16.2
471,Mackay,AU,2022-08-08 21:32:20,-13.8483,136.4192,73.87,63,8,16.2
472,Naze,AU,2022-08-08 21:32:20,-13.8483,136.4192,73.87,63,8,16.2
473,Nioro,AU,2022-08-08 21:32:20,-13.8483,136.4192,73.87,63,8,16.2
474,Ambulu,AU,2022-08-08 21:32:20,-13.8483,136.4192,73.87,63,8,16.2
475,Ust-Nera,AU,2022-08-08 21:32:20,-13.8483,136.4192,73.87,63,8,16.2
476,Plettenberg Bay,AU,2022-08-08 21:32:20,-13.8483,136.4192,73.87,63,8,16.2
477,Yar-Sale,AU,2022-08-08 21:32:20,-13.8483,136.4192,73.87,63,8,16.2
478,Kostomuksha,AU,2022-08-08 21:32:20,-13.8483,136.4192,73.87,63,8,16.2
479,Boyolangu,AU,2022-08-08 21:32:20,-13.8483,136.4192,73.87,63,8,16.2
480,Sao Joao Da Barra,AU,2022-08-08 21:32:20,-13.8483,136.4192,73.87,63,8,16.2
481,Honningsvag,AU,2022-08-08 21:32:20,-13.8483,136.4192,73.87,63,8,16.2
482,Marsh Harbour,AU,2022-08-08 21:32:20,-13.8483,136.4192,73.87,63,8,16.2
483,Matara,AU,2022-08-08 21:32:20,-13.8483,136.4192,73.87,63,8,16.2
484,Deniliquin,AU,2022-08-08 21:32:20,-13.8483,136.4192,73.87,63,8,16.2
485,Las Guacamayas,AU,2022-08-08 21:32:20,-13.8483,136.4192,73.87,63,8,16.2
486,Nam Tha,AU,2022-08-08 21:32:20,-13.8483,136.4192,73.87,63,8,16.2
487,Danshui,AU,2022-08-08 21:32:20,-13.8483,136.4192,73.87,63,8,16.2
488,Villa Bruzual,AU,2022-08-08 21:32:20,-13.8483,136.4192,73.87,63,8,16.2
489,Maningrida,AU,2022-08-08 21:32:20,-13.8483,136.4192,73.87,63,8,16.2
490,Fevralsk,AU,2022-08-08 21:32:20,-13.8483,136.4192,73.87,63,8,16.2
491,Fukue,AU,2022-08-08 21:32:20,-13.8483,136.4192,73.87,63,8,16.2
492,Tommot,AU,2022-08-08 21:32:20,-13.8483,136.4192,73.87,63,8,16.2
493,Teocaltiche,AU,2022-08-08 21:32:20,-13.8483,136.4192,73.87,63,8,16.2
494,Sosnovka,AU,2022-08-08 21:32:20,-13.8483,136.4192,73.87,63,8,16.2
495,Itoman,AU,2022-08-08 21:32:20,-13.8483,136.4192,73.87,63,8,16.2
496,Puerto Escondido,AU,2022-08-08 21:32:20,-13.8483,136.4192,73.87,63,8,16.2
497,Saint Simons,AU,2022-08-08 21:32:20,-13.8483,136.4192,73.87,63,8,16.2
498,Bressuire,AU,2022-08-08 21:32:20,-13.8483,136.4192,73.87,63,8,16.2
499,Fairbanks,AU,2022-08-08 21:32:20,-13.8483,136.4192,73.87,63,8,16.2
500,Kasongo-Lunda,CD,2022-08-08 21:33:47,-6.4667,16.8167,73.47,29,4,0.6
501,Luderitz,CD,2022-08-08 21:33:47,-6.4667,16.8167,73.47,29,4,0.6
502,Port Pirie,CD,2022-08-08 21:33:47,-6.4667,16.8167,73.47,29,4,0.6
503,Talnakh,CD,2022-08-08 21:33:47,-6.4667,16.8167,73.47,29,4,0.6
504,Port Macquarie,CD,2022-08-08 21:33:47,-6.4667,16.8167,73.47,29,4,0.6
505,Dingzhou,CD,2022-08-08 21:33:49,-6.4667,16.8167,73.47,29,4,0.6
506,Tres Arroyos,CD,2022-08-08 21:33:49,-6.4667,16.8167,73.47,29,4,0.6
507,Neiafu,CD,2022-08-08 21:33:49,-6.4667,16.8167,73.47,29,4,0.6
508,Benjamin Constant,CD,2022-08-08 21:33:49,-6.4667,16.8167,73.47,29,4,0.6
509,Cacador,CD,2022-08-08 21:33:49,-6.4667,16.8167,73.47,29,4,0.6
510,Hobyo,CD,2022-08-08 21:33:49,-6.4667,16.8167,73.47,29,4,0.6
511,Olinda,CD,2022-08-08 21:33:49,-6.4667,16.8167,73.47,29,4,0.6
512,Mapiripan,CD,2022-08-08 21:33:49,-6.4667,16.8167,73.47,29,4,0.6
513,Dumas,CD,2022-08-08 21:33:49,-6.4667,16.8167,73.47,29,4,0.6
514,Volksrust,CD,2022-08-08 21:33:49,-6.4667,16.8167,73.47,29,4,0.6
515,Nara,CD,2022-08-08 21:33:49,-6.4667,16.8167,73.47,29,4,0.6
516,Denpasar,CD,2022-08-08 21:33:49,-6.4667,16.8167,73.47,29,4,0.6
517,Poya,CD,2022-08-08 21:33:49,-6.4667,16.8167,73.47,29,4,0.6
518,Vao,CD,2022-08-08 21:33:49,-6.4667,16.8167,73.47,29,4,0.6
519,Bara,CD,2022-08-08 21:33:49,-6.4667,16.8167,73.47,29,4,0.6
520,Mezen,CD,2022-08-08 21:33:49,-6.4667,16.8167,73.47,29,4,0.6
521,Mantua,CD,2022-08-08 21:33:49,-6.4667,16.8167,73.47,29,4,0.6
522,Obilnoye,CD,2022-08-08 21:33:49,-6.4667,16.8167,73.47,29,4,0.6
523,Charters Towers,CD,2022-08-08 21:33:49,-6.4667,16.8167,73.47,29,4,0.6
524,Salalah,CD,2022-08-08 21:33:49,-6.4667,16.8167,73.47,29,4,0.6
525,Seydi,CD,2022-08-08 21:33:49,-6.4667,16.8167,73.47,29,4,0.6
526,Saint-Martin-Boulogne,CD,2022-08-08 21:33:49,-6.4667,16.8167,73.47,29,4,0.6
527,Marsabit,CD,2022-08-08 21:33:49,-6.4667,16.8167,73.47,29,4,0.6
528,Tahta,CD,2022-08-08 21:33:49,-6.4667,16.8167,73.47,29,4,0.6
529,Camargo,CD,2022-08-08 21:33:49,-6.4667,16.8167,73.47,29,4,0.6
530,Mersing,CD,2022-08-08 21:33:49,-6.4667,16.8167,73.47,29,4,0.6
531,Namatanai,CD,2022-08-08 21:33:49,-6.4667,16.8167,73.47,29,4,0.6
532,Sungaipenuh,CD,2022-08-08 21:33:49,-6.4667,16.8167,73.47,29,4,0.6
533,Sena Madureira,CD,2022-08-08 21:33:49,-6.4667,16.8167,73.47,29,4,0.6
534,High Level,CD,2022-08-08 21:33:49,-6.4667,16.8167,73.47,29,4,0.6
535,Marrakesh,CD,2022-08-08 21:33:49,-6.4667,16.8167,73.47,29,4,0.6
536,Ahipara,CD,2022-08-08 21:33:49,-6.4667,16.8167,73.47,29,4,0.6
537,Isla Vista,CD,2022-08-08 21:33:49,-6.4667,16.8167,73.47,29,4,0.6
538,Witrivier,CD,2022-08-08 21:33:49,-6.4667,16.8167,73.47,29,4,0.6
539,Rawannawi,CD,2022-08-08 21:33:49,-6.4667,16.8167,73.47,29,4,0.6
540,Hayden,CD,2022-08-08 21:33:49,-6.4667,16.8167,73.47,29,4,0.6
541,Bengkulu,CD,2022-08-08 21:33:49,-6.4667,16.8167,73.47,29,4,0.6
542,Surgut,CD,2022-08-08 21:33:49,-6.4667,16.8167,73.47,29,4,0.6
543,Qaqortoq,CD,2022-08-08 21:33:49,-6.4667,16.8167,73.47,29,4,0.6
544,Moron,CD,2022-08-08 21:33:49,-6.4667,16.8167,73.47,29,4,0.6
545,Syamzha,CD,2022-08-08 21:33:49,-6.4667,16.8167,73.47,29,4,0.6
546,Qovlar,CD,2022-08-08 21:33:49,-6.4667,16.8167,73.47,29,4,0.6
547,Boueni,CD,2022-08-08 21:33:49,-6.4667,16.8167,73.47,29,4,0.6
548,Shenxian,CD,2022-08-08 21:33:49,-6.4667,16.8167,73.47,29,4,0.6
549,Sao Francisco Do Sul,CD,2022-08-08 21:33:49,-6.4667,16.8167,73.47,29,4,0.6
550,Tambun,ID,2022-08-08 21:35:10,-6.2641,107.0712,80.49,77,12,2.98
551,Pergamino,ID,2022-08-08 21:35:10,-6.2641,107.0712,80.49,77,12,2.98
552,Moyale,ID,2022-08-08 21:35:10,-6.2641,107.0712,80.49,77,12,2.98
553,Roquetas De Mar,ID,2022-08-08 21:35:10,-6.2641,107.0712,80.49,77,12,2.98
554,The Valley,ID,2022-08-08 21:35:10,-6.2641,107.0712,80.49,77,12,2.98
555,Nganjuk,ID,2022-08-08 21:35:12,-6.2641,107.0712,80.49,77,12,2.98
556,Kungurtug,ID,2022-08-08 21:35:12,-6.2641,107.0712,80.49,77,12,2.98
557,Bilma,ID,2022-08-08 21:35:12,-6.2641,107.0712,80.49,77,12,2.98
558,Athens,ID,2022-08-08 21:35:12,-6.2641,107.0712,80.49,77,12,2.98
559,Aflu,ID,2022-08-08 21:35:12,-6.2641,107.0712,80.49,77,12,2.98
560,Balaipungut,ID,2022-08-08 21:35:12,-6.2641,107.0712,80.49,77,12,2.98
561,Sioux Lookout,ID,2022-08-08 21:35:12,-6.2641,107.0712,80.49,77,12,2.98
562,Berdigestyakh,ID,2022-08-08 21:35:12,-6.2641,107.0712,80.49,77,12,2.98
563,Bull Savanna,ID,2022-08-08 21:35:12,-6.2641,107.0712,80.49,77,12,2.98
564,San Blas,ID,2022-08-08 21:35:12,-6.2641,107.0712,80.49,77,12,2.98
565,Havoysund,ID,2022-08-08 21:35:12,-6.2641,107.0712,80.49,77,12,2.98
566,Castletown,ID,2022-08-08 21:35:12,-6.2641,107.0712,80.49,77,12,2.98
567,Luganville,ID,2022-08-08 21:35:12,-6.2641,107.0712,80.49,77,12,2.98
568,Piacabucu,ID,2022-08-08 21:35:12,-6.2641,107.0712,80.49,77,12,2.98
569,Kavaratti,ID,2022-08-08 21:35:12,-6.2641,107.0712,80.49,77,12,2.98
570,Nizwa,ID,2022-08-08 21:35:12,-6.2641,107.0712,80.49,77,12,2.98
571,Toyo,ID,2022-08-08 21:35:12,-6.2641,107.0712,80.49,77,12,2.98
572,Fortuna Foothills,ID,2022-08-08 21:35:12,-6.2641,107.0712,80.49,77,12,2.98
573,Hyeres,ID,2022-08-08 21:35:12,-6.2641,107.0712,80.49,77,12,2.98
574,Kamariotissa,ID,2022-08-08 21:35:12,-6.2641,107.0712,80.49,77,12,2.98
575,Impfondo,ID,2022-08-08 21:35:12,-6.2641,107.0712,80.49,77,12,2.98
576,Doha,ID,2022-08-08 21:35:12,-6.2641,107.0712,80.49,77,12,2.98
577,Jiangyou,ID,2022-08-08 21:35:12,-6.2641,107.0712,80.49,77,12,2.98
578,Raub,ID,2022-08-08 21:35:12,-6.2641,107.0712,80.49,77,12,2.98
579,Yanchukan,ID,2022-08-08 21:35:12,-6.2641,107.0712,80.49,77,12,2.98
580,Kuvshinovo,ID,2022-08-08 21:35:12,-6.2641,107.0712,80.49,77,12,2.98
581,Nguiu,ID,2022-08-08 21:35:12,-6.2641,107.0712,80.49,77,12,2.98
582,Mehamn,ID,2022-08-08 21:35:12,-6.2641,107.0712,80.49,77,12,2.98
583,Doctor Pedro P. Pena,ID,2022-08-08 21:35:12,-6.2641,107.0712,80.49,77,12,2.98
584,Nodeland,ID,2022-08-08 21:35:12,-6.2641,107.0712,80.49,77,12,2.98
585,Zhigansk,ID,2022-08-08 21:35:12,-6.2641,107.0712,80.49,77,12,2.98
586,Agar,ID,2022-08-08 21:35:12,-6.2641,107.0712,80.49,77,12,2.98
587,Afyonkarahisar,ID,2022-08-08 21:35:12,-6.2641,107.0712,80.49,77,12,2.98
588,Banting,ID,2022-08-08 21:35:12,-6.2641,107.0712,80.49,77,12,2.98
589,Kitimat,ID,2022-08-08 21:35:12,-6.2641,107.0712,80.49,77,12,2.98
590,Los Llanos De Aridane,ID,2022-08-08 21:35:12,-6.2641,107.0712,80.49,77,12,2.98
591,Sao Sebastiao,ID,2022-08-08 21:35:12,-6.2641,107.0712,80.49,77,12,2.98
592,Deh Rawud,ID,2022-08-08 21:35:12,-6.2641,107.0712,80.49,77,12,2.98
593,Aligudarz,ID,2022-08-08 21:35:12,-6.2641,107.0712,80.49,77,12,2.98
594,Nichinan,ID,2022-08-08 21:35:12,-6.2641,107.0712,80.49,77,12,2.98
595,Acevedo,ID,2022-08-08 21:35:12,-6.2641,107.0712,80.49,77,12,2.98
596,Constitucion,ID,2022-08-08 21:35:12,-6.2641,107.0712,80.49,77,12,2.98
597,Tezu,ID,2022-08-08 21:35:12,-6.2641,107.0712,80.49,77,12,2.98
598,Ban Nahin,ID,2022-08-08 21:35:12,-6.2641,107.0712,80.49,77,12,2.98
599,Myitkyina,ID,2022-08-08 21:35:12,-6.2641,107.0712,80.49,77,12,2.98
600,Sovetskaya Gavan,RU,2022-08-08 21:36:35,48.9723,140.2878,64.74,81,1,5.64
601,Buqayq,RU,2022-08-08 21:36:35,48.9723,140.2878,64.74,81,1,5.64
602,Brownsville,RU,2022-08-08 21:36:35,48.9723,140.2878,64.74,81,1,5.64
603,Aykhal,RU,2022-08-08 21:36:36,48.9723,140.2878,64.74,81,1,5.64
604,Grand Forks,RU,2022-08-08 21:36:36,48.9723,140.2878,64.74,81,1,5.64
605,Egvekinot,RU,2022-08-08 21:36:37,48.9723,140.2878,64.74,81,1,5.64
606,Katherine,RU,2022-08-08 21:36:37,48.9723,140.2878,64.74,81,1,5.64
607,Makasar,RU,2022-08-08 21:36:37,48.9723,140.2878,64.74,81,1,5.64
608,Bankfoot,RU,2022-08-08 21:36:37,48.9723,140.2878,64.74,81,1,5.64
609,Bijie,RU,2022-08-08 21:36:37,48.9723,140.2878,64.74,81,1,5.64
610,Padang,RU,2022-08-08 21:36:37,48.9723,140.2878,64.74,81,1,5.64
611,Pisco,RU,2022-08-08 21:36:37,48.9723,140.2878,64.74,81,1,5.64
612,Adrar,RU,2022-08-08 21:36:37,48.9723,140.2878,64.74,81,1,5.64
613,Afsin,RU,2022-08-08 21:36:37,48.9723,140.2878,64.74,81,1,5.64
614,Canala,RU,2022-08-08 21:36:37,48.9723,140.2878,64.74,81,1,5.64
615,Tucurui,RU,2022-08-08 21:36:37,48.9723,140.2878,64.74,81,1,5.64
616,Ishikawa,RU,2022-08-08 21:36:37,48.9723,140.2878,64.74,81,1,5.64
617,Listowel,RU,2022-08-08 21:36:37,48.9723,140.2878,64.74,81,1,5.64
618,Ternate,RU,2022-08-08 21:36:37,48.9723,140.2878,64.74,81,1,5.64
619,Tadine,RU,2022-08-08 21:36:37,48.9723,140.2878,64.74,81,1,5.64
620,Leh,RU,2022-08-08 21:36:37,48.9723,140.2878,64.74,81,1,5.64
621,Venado Tuerto,RU,2022-08-08 21:36:37,48.9723,140.2878,64.74,81,1,5.64
622,Labuan,RU,2022-08-08 21:36:37,48.9723,140.2878,64.74,81,1,5.64
623,Cumanayagua,RU,2022-08-08 21:36:37,48.9723,140.2878,64.74,81,1,5.64
624,Salvador,RU,2022-08-08 21:36:37,48.9723,140.2878,64.74,81,1,5.64
625,Sarangani,RU,2022-08-08 21:36:37,48.9723,140.2878,64.74,81,1,5.64
626,Ikungi,RU,2022-08-08 21:36:37,48.9723,140.2878,64.74,81,1,5.64
627,Ampanihy,RU,2022-08-08 21:36:37,48.9723,140.2878,64.74,81,1,5.64
628,Huarmey,RU,2022-08-08 21:36:37,48.9723,140.2878,64.74,81,1,5.64
629,Muros,RU,2022-08-08 21:36:37,48.9723,140.2878,64.74,81,1,5.64
630,Ishigaki,RU,2022-08-08 21:36:37,48.9723,140.2878,64.74,81,1,5.64
631,Bella Vista,RU,2022-08-08 21:36:37,48.9723,140.2878,64.74,81,1,5.64
632,Vestmanna,RU,2022-08-08 21:36:37,48.9723,140.2878,64.74,81,1,5.64
633,Palabuhanratu,RU,2022-08-08 21:36:37,48.9723,140.2878,64.74,81,1,5.64
